{"stats":{"minecraft:custom":{"minecraft:time_since_rest":20457,"minecraft:sprint_one_cm":45633,"minecraft:damage_taken":385,"minecraft:walk_one_cm":117134,"minecraft:mob_kills":3,"minecraft:drop":6,"minecraft:damage_dealt":269,"minecraft:swim_one_cm":81758,"minecraft:interact_with_crafting_table":2,"minecraft:fly_one_cm":89537,"minecraft:open_chest":6,"minecraft:crouch_one_cm":7756,"minecraft:play_time":20457,"minecraft:boat_one_cm":105480,"minecraft:sneak_time":1649,"minecraft:walk_under_water_one_cm":8514,"minecraft:jump":269,"minecraft:damage_dealt_resisted":4,"minecraft:leave_game":2,"minecraft:walk_on_water_one_cm":14612,"minecraft:time_since_death":20457,"minecraft:total_world_time":20457,"minecraft:fall_one_cm":5437},"minecraft:killed":{"minecraft:zombie":1,"minecraft:salmon":2},"minecraft:picked_up":{"minecraft:wooden_axe":1,"minecraft:sweet_berries":43,"minecraft:salmon":1,"minecraft:potato":1,"minecraft:gravel":2,"alexsmobs:cachalot_whale_tooth":1,"minecraft:sand":9,"minecraft:oak_log":6,"minecraft:ink_sac":5,"minecraft:carrot":9,"minecraft:spider_eye":2,"minecraft:dirt":24,"minecraft:dark_oak_planks":1,"minecraft:rotten_flesh":7,"minecraft:cracked_stone_bricks":2,"minecraft:wheat_seeds":16,"minecraft:beetroot_seeds":1,"minecraft:spruce_planks":2,"minecraft:mossy_stone_bricks":1,"minecraft:smooth_quartz":6,"minecraft:dark_oak_wood":4,"minecraft:cobblestone":12,"minecraft:book":3},"minecraft:mined":{"minecraft:dark_oak_planks":1,"minecraft:spruce_planks":2,"minecraft:carrots":9,"minecraft:wheat":16,"minecraft:sweet_berry_bush":20,"minecraft:dark_oak_wood":4,"minecraft:grass":2,"minecraft:bookshelf":1,"minecraft:potatoes":1,"minecraft:oak_log":6,"minecraft:sand":8,"minecraft:beetroots":1,"minecraft:gravel":1,"minecraft:dirt":2,"minecraft:smooth_quartz":7,"minecraft:tall_grass":2,"minecraft:cracked_stone_bricks":2,"minecraft:spruce_leaves":1,"minecraft:stone":12,"minecraft:mossy_stone_bricks":1,"minecraft:oak_leaves":1},"minecraft:dropped":{"minecraft:glass_bottle":1,"minecraft:smooth_quartz":4,"minecraft:sand":1},"minecraft:used":{"minecraft:wooden_axe":8,"minecraft:spruce_planks":1,"minecraft:wooden_pickaxe":35,"minecraft:smooth_quartz":2,"minecraft:potion":1,"minecraft:dirt":18,"minecraft:crafting_table":2,"minecraft:sweet_berries":15,"minecraft:cooked_cod":1,"minecraft:carrot":6,"minecraft:oak_boat":1},"minecraft:crafted":{"minecraft:oak_boat":1,"minecraft:oak_planks":24,"minecraft:crafting_table":2,"minecraft:stick":4,"minecraft:wooden_pickaxe":1,"minecraft:dark_oak_planks":16}},"DataVersion":3465}