{"stats":{"minecraft:picked_up":{"iceandfire:dragon_skull_lightning":1,"minecraft:crafting_table":1,"minecraft:nether_wart":6,"minecraft:flower_pot":1,"iceandfire:fire_lily":1,"minecraft:wooden_pickaxe":1,"minecraft:wither_rose":1,"minecraft:stone_brick_stairs":1,"minecraft:brewing_stand":2,"epicfight:iron_tachi":2,"minecraft:string":7,"minecraft:waxed_cut_copper_slab":1,"minecraft:red_nether_bricks":5,"minecraft:item_frame":1,"minecraft:white_carpet":1,"minecraft:blackstone":5,"minecraft:cracked_stone_bricks":3,"minecraft:gold_nugget":53,"minecraft:cobbled_deepslate":4,"minecraft:beef":21,"minecraft:calcite":3,"minecraft:poppy":2,"minecraft:coal_block":5,"relics:blazing_flask":2,"minecraft:egg":1,"iceandfire:dragonbone":14,"minecraft:stick":8,"minecraft:acacia_log":2,"minecraft:carrot":40,"minecraft:mangrove_trapdoor":2,"iceandfire:lightning_lily":1,"minecraft:stone_sword":3,"minecraft:arrow":27,"minecraft:cactus":2,"minecraft:rotten_flesh":26,"minecraft:pumpkin_pie":18,"relics:horse_flute":2,"minecraft:hay_block":34,"minecraft:glistering_melon_slice":4,"minecraft:saddle":4,"minecraft:gold_ingot":36,"minecraft:mutton":8,"minecraft:cobblestone":48,"minecraft:skeleton_skull":1,"minecraft:white_wool":3,"minecraft:salmon":4,"minecraft:leather":10,"minecraft:potato":15,"minecraft:oak_log":13,"minecraft:ancient_debris":3,"iceandfire:ectoplasm":1,"minecraft:gunpowder":1,"minecraft:lapis_lazuli":16,"minecraft:dirt":15,"minecraft:cooked_mutton":2,"minecraft:red_carpet":1,"minecraft:bone":45,"minecraft:apple":23,"minecraft:stone_bricks":8,"minecraft:bow":1,"minecraft:wheat_seeds":11,"minecraft:raw_gold":6,"minecraft:heart_of_the_sea":2,"minecraft:stone_pickaxe":2,"minecraft:iron_ingot":20,"minecraft:oak_planks":15,"iceandfire:copper_nugget":50,"tameablebeasts:leaf":3,"minecraft:stone_brick_slab":6,"minecraft:sand":33,"minecraft:stripped_spruce_log":5,"minecraft:diamond":9,"minecraft:golden_apple":5,"minecraft:emerald":18,"minecraft:bread":138,"iceandfire:gorgon_head":1,"alexsmobs:maggot":1,"minecraft:oak_sapling":1,"minecraft:melon_seeds":2,"minecraft:coal":124},"minecraft:mined":{"minecraft:waxed_cut_copper_slab":1,"iceandfire:lightning_lily":1,"minecraft:red_carpet":1,"minecraft:deepslate_diamond_ore":5,"iceandfire:copper_pile":6,"alexsmobs:leafcutter_anthill":1,"minecraft:red_nether_bricks":5,"minecraft:potted_cactus":1,"minecraft:brewing_stand":2,"minecraft:acacia_log":2,"minecraft:grass_block":5,"minecraft:infested_cobblestone":1,"alexsmobs:leafcutter_ant_chamber":1,"minecraft:coal_block":5,"minecraft:mangrove_trapdoor":2,"minecraft:nether_wart":2,"minecraft:gilded_blackstone":1,"minecraft:spawner":3,"minecraft:hay_block":34,"minecraft:black_stained_glass_pane":2,"minecraft:tall_seagrass":1,"iceandfire:chared_gravel":2,"minecraft:stripped_spruce_log":5,"minecraft:deepslate_lapis_ore":3,"iceandfire:gold_pile":1,"minecraft:stone":44,"minecraft:blackstone":5,"minecraft:dandelion":1,"minecraft:crafting_table":1,"minecraft:calcite":3,"iceandfire:fire_lily":1,"minecraft:tall_grass":7,"minecraft:cobblestone":4,"minecraft:deepslate_gold_ore":6,"minecraft:skeleton_skull":1,"minecraft:mud":1,"minecraft:white_carpet":1,"minecraft:birch_leaves":1,"minecraft:stone_brick_stairs":1,"minecraft:wither_rose":1,"minecraft:grass":25,"minecraft:oak_log":13,"minecraft:coal_ore":27,"minecraft:sand":18,"minecraft:dirt":10,"minecraft:cobweb":8,"minecraft:cracked_stone_bricks":1,"minecraft:stone_bricks":6,"minecraft:ancient_debris":3,"minecraft:oak_leaves":5,"minecraft:deepslate":4},"minecraft:killed_by":{"iceandfire:cyclops":1,"iceandfire:gorgon":1},"minecraft:used":{"minecraft:stone_sword":17,"minecraft:rotten_flesh":2,"minecraft:dirt":13,"iceandfire:lightning_lily":1,"minecraft:iron_helmet":2,"minecraft:stone_brick_stairs":1,"minecraft:red_carpet":1,"minecraft:golden_carrot":9,"minecraft:waxed_cut_copper_slab":1,"minecraft:cooked_cod":5,"minecraft:egg":1,"minecraft:acacia_planks":2,"minecraft:golden_boots":1,"minecraft:stone_pickaxe":103,"minecraft:red_nether_bricks":1,"minecraft:oak_planks":1,"minecraft:blackstone":2,"minecraft:wooden_pickaxe":17,"minecraft:golden_apple":2,"minecraft:white_wool":1,"minecraft:sand":13,"minecraft:mangrove_trapdoor":1,"minecraft:crafting_table":9,"epicfight:iron_tachi":174,"relics:horse_flute":4,"minecraft:diamond_pickaxe":24,"minecraft:apple":10,"minecraft:bread":36,"minecraft:cobblestone":5,"minecraft:chainmail_boots":1,"minecraft:bucket":1,"minecraft:oak_boat":3,"minecraft:pumpkin_pie":1,"alexsmobs:animal_dictionary":1,"minecraft:splash_potion":1,"minecraft:cobweb":8,"minecraft:experience_bottle":1},"minecraft:dropped":{"minecraft:wheat_seeds":2,"minecraft:cobblestone":1,"minecraft:apple":1,"tameablebeasts:leaf":1,"minecraft:dirt":2,"minecraft:white_wool":1,"minecraft:stone_sword":1,"minecraft:oak_planks":12,"iceandfire:fire_lily":1,"relics:blazing_flask":2,"minecraft:filled_map":1,"minecraft:red_nether_bricks":4,"minecraft:wooden_pickaxe":2},"minecraft:broken":{"minecraft:chainmail_boots":1,"minecraft:iron_helmet":1},"minecraft:killed":{"tameablebeasts:giant_grasshopper":1,"iceandfire:gorgon":1,"minecraft:spider":1,"minecraft:skeleton":11,"minecraft:husk":1,"minecraft:iron_golem":1,"minecraft:creeper":1,"minecraft:zombie":7,"iceandfire:ghost":2,"minecraft:cow":4},"minecraft:crafted":{"minecraft:oak_planks":52,"minecraft:coal":9,"minecraft:stone_pickaxe":1,"minecraft:chest":1,"sophisticatedbackpacks:iron_backpack":1,"minecraft:wheat":162,"sophisticatedbackpacks:backpack":1,"minecraft:crafting_table":9,"minecraft:spruce_planks":20,"minecraft:wooden_pickaxe":1,"minecraft:iron_sword":1,"sophisticatedbackpacks:gold_backpack":1,"minecraft:bread":55,"epicfight:iron_tachi":1,"minecraft:oak_boat":3,"minecraft:diamond_pickaxe":1,"minecraft:stick":20,"minecraft:stone_sword":1,"minecraft:acacia_planks":8},"minecraft:custom":{"minecraft:interact_with_smithing_table":1,"minecraft:mob_kills":32,"minecraft:interact_with_crafting_table":26,"minecraft:open_barrel":21,"minecraft:leave_game":4,"minecraft:time_since_death":49010,"minecraft:climb_one_cm":17751,"minecraft:sprint_one_cm":693180,"minecraft:walk_one_cm":705711,"minecraft:drop":20,"minecraft:play_noteblock":2,"minecraft:talked_to_villager":7,"minecraft:play_time":117662,"minecraft:deaths":2,"minecraft:sneak_time":5463,"minecraft:walk_under_water_one_cm":10747,"minecraft:boat_one_cm":212130,"minecraft:interact_with_brewingstand":2,"minecraft:jump":3251,"minecraft:interact_with_blast_furnace":5,"minecraft:walk_on_water_one_cm":33715,"minecraft:total_world_time":117662,"minecraft:interact_with_furnace":1,"minecraft:sleep_in_bed":6,"minecraft:time_since_rest":2642,"minecraft:waystone_activated":3,"minecraft:damage_taken":2147483647,"minecraft:damage_absorbed":40,"minecraft:trigger_trapped_chest":1,"minecraft:damage_dealt":7530,"minecraft:swim_one_cm":142437,"minecraft:fly_one_cm":1333837,"minecraft:open_chest":65,"minecraft:crouch_one_cm":28517,"minecraft:fall_one_cm":80390}},"DataVersion":3465}