{"stats":{"minecraft:picked_up":{"minecraft:birch_log":4,"iceandfire:dragon_skull_lightning":1,"minecraft:cocoa_beans":47,"minecraft:stick":1,"iceandfire:dragonbone":9,"epicfight:stone_spear":3,"minecraft:cooked_beef":7,"minecraft:jungle_log":14,"minecraft:oak_log":20,"minecraft:lily_of_the_valley":12,"minecraft:dirt":46,"minecraft:prismarine_crystals":15,"alexsmobs:animal_dictionary":3,"minecraft:cooked_mutton":1,"minecraft:stone_sword":4,"minecraft:rotten_flesh":3,"minecraft:wheat_seeds":12,"minecraft:peony":16,"minecraft:oak_sapling":8,"minecraft:melon_slice":31,"minecraft:sugar_cane":6,"minecraft:birch_sapling":1},"minecraft:mined":{"minecraft:birch_sapling":1,"minecraft:kelp_plant":1,"minecraft:lily_of_the_valley":4,"minecraft:peony":4,"minecraft:grass":9,"minecraft:grass_block":5,"minecraft:oak_log":5,"minecraft:melon":4,"minecraft:cocoa":23,"minecraft:vine":1,"minecraft:jungle_log":7,"minecraft:dirt":3,"minecraft:sugar_cane":4,"minecraft:oak_leaves":10,"minecraft:fern":4},"minecraft:killed_by":{"iceandfire:myrmex_soldier":1,"minecraft:skeleton":1,"iceandfire:lightning_dragon":1},"minecraft:used":{"minecraft:stone_sword":10,"minecraft:melon_slice":12,"minecraft:birch_sapling":1,"minecraft:lily_of_the_valley":1,"alexsmobs:animal_dictionary":3,"minecraft:cooked_beef":3,"epicfight:stone_spear":3},"minecraft:dropped":{"minecraft:lily_of_the_valley":2},"minecraft:killed":{"alexsmobs:lobster":1,"minecraft:zombie":1,"iceandfire:ghost":1},"minecraft:custom":{"minecraft:time_since_rest":7970,"minecraft:sprint_one_cm":277778,"minecraft:damage_taken":1064,"minecraft:walk_one_cm":300174,"minecraft:mob_kills":3,"minecraft:drop":2,"minecraft:damage_dealt":390,"minecraft:swim_one_cm":22803,"minecraft:fly_one_cm":63926,"minecraft:open_chest":1,"minecraft:play_time":43464,"minecraft:crouch_one_cm":6413,"minecraft:sneak_time":1234,"minecraft:deaths":3,"minecraft:walk_under_water_one_cm":12738,"minecraft:jump":589,"minecraft:leave_game":3,"minecraft:time_since_death":7844,"minecraft:walk_on_water_one_cm":20959,"minecraft:sleep_in_bed":1,"minecraft:total_world_time":43464,"minecraft:climb_one_cm":1798,"minecraft:fall_one_cm":9711}},"DataVersion":3465}