{"stats":{"minecraft:picked_up":{"minecraft:birch_log":72,"minecraft:stick":3,"minecraft:stone_sword":1,"minecraft:apple":3,"minecraft:cooked_cod":2,"minecraft:kelp":245,"minecraft:stone_axe":1,"minecraft:wheat_seeds":1,"minecraft:sand":5,"minecraft:oak_log":13,"minecraft:oak_sapling":1,"minecraft:birch_sapling":7,"minecraft:cod":1},"minecraft:mined":{"minecraft:grass":1,"minecraft:oak_log":13,"minecraft:sand":6,"minecraft:kelp_plant":56,"minecraft:birch_log":71,"minecraft:birch_leaves":5,"minecraft:kelp":5},"minecraft:used":{"minecraft:stone_axe":144,"minecraft:apple":3,"minecraft:oak_sapling":1,"minecraft:birch_sapling":3},"minecraft:custom":{"minecraft:time_since_rest":6347,"minecraft:damage_taken":175,"minecraft:play_time":15359,"minecraft:sprint_one_cm":18666,"minecraft:walk_one_cm":87700,"minecraft:walk_under_water_one_cm":3484,"minecraft:jump":146,"minecraft:damage_dealt":66,"minecraft:leave_game":2,"minecraft:time_since_death":15359,"minecraft:walk_on_water_one_cm":28492,"minecraft:sleep_in_bed":2,"minecraft:total_world_time":15359,"minecraft:swim_one_cm":39391,"minecraft:fall_one_cm":1566,"minecraft:fly_one_cm":5329}},"DataVersion":3465}