{"stats":{"minecraft:custom":{"minecraft:interact_with_furnace":1,"minecraft:mob_kills":15,"minecraft:interact_with_crafting_table":10,"minecraft:open_barrel":1,"minecraft:leave_game":6,"minecraft:time_since_death":20015,"minecraft:sleep_in_bed":2,"minecraft:climb_one_cm":5974,"minecraft:time_since_rest":20045,"minecraft:waystone_activated":2,"minecraft:sprint_one_cm":364347,"minecraft:damage_taken":2147483647,"minecraft:walk_one_cm":873811,"minecraft:trigger_trapped_chest":1,"minecraft:drop":50,"minecraft:damage_dealt":2898,"minecraft:damage_dealt_absorbed":35,"minecraft:player_kills":1,"minecraft:swim_one_cm":78577,"minecraft:fly_one_cm":649128,"minecraft:open_chest":30,"minecraft:crouch_one_cm":16791,"minecraft:play_time":158582,"minecraft:deaths":13,"minecraft:sneak_time":2038,"minecraft:walk_under_water_one_cm":36370,"minecraft:boat_one_cm":502279,"minecraft:jump":2260,"minecraft:walk_on_water_one_cm":73737,"minecraft:total_world_time":158582,"minecraft:interact_with_smoker":2,"minecraft:fish_caught":4,"minecraft:fall_one_cm":60767},"minecraft:killed":{"minecraft:cave_spider":2,"minecraft:witch":1,"alexsmobs:seal":2,"minecraft:spider":1,"alexsmobs:orca":1,"minecraft:zombie":6,"iceandfire:ghost":1},"minecraft:killed_by":{"iceandfire:gorgon":3,"minecraft:cave_spider":1,"iceandfire:cyclops":1,"minecraft:skeleton":1,"minecraft:zombie":1,"iceandfire:ghost":1,"tameablebeasts:argentavis":1},"minecraft:picked_up":{"minecraft:wooden_axe":1,"minecraft:fishing_rod":6,"minecraft:crafting_table":2,"minecraft:leather_chestplate":2,"minecraft:leather_leggings":3,"minecraft:andesite":2,"minecraft:salmon":3,"minecraft:black_bed":4,"minecraft:brown_mushroom":1,"minecraft:wooden_pickaxe":1,"minecraft:smoker":2,"minecraft:birch_planks":8,"alexsmobs:cachalot_whale_tooth":9,"minecraft:oak_log":26,"iceandfire:ectoplasm":2,"minecraft:golden_sword":3,"minecraft:string":38,"minecraft:blue_bed":3,"minecraft:dirt":61,"minecraft:paper":2,"minecraft:cooked_salmon":49,"minecraft:compass":1,"minecraft:pufferfish":2,"minecraft:bow":1,"minecraft:wheat_seeds":7,"minecraft:gold_nugget":580,"minecraft:iron_ingot":10,"minecraft:stone_pickaxe":1,"minecraft:iron_pickaxe":2,"relics:infinity_ham":8,"alexsmobs:cooked_lobster_tail":1,"minecraft:iron_sword":3,"minecraft:oak_planks":89,"minecraft:book":2,"minecraft:golden_helmet":2,"minecraft:stick":18,"minecraft:raw_iron":3,"minecraft:golden_axe":2,"minecraft:ink_sac":20,"minecraft:spruce_log":4,"alexsmobs:animal_dictionary":1,"moonsweaponry:stone_greatsword":4,"minecraft:spider_eye":4,"minecraft:leather_helmet":1,"iceandfire:silver_ingot":8,"minecraft:rotten_flesh":9,"minecraft:cooked_cod":6,"minecraft:stone_axe":1,"minecraft:golden_hoe":4,"minecraft:iron_helmet":6,"minecraft:golden_apple":4,"minecraft:bread":20,"minecraft:coal":34,"minecraft:cod":9,"minecraft:white_wool":7,"minecraft:cobblestone":48},"minecraft:mined":{"minecraft:brown_mushroom":1,"minecraft:grass_block":7,"minecraft:blue_bed":1,"minecraft:spawner":1,"minecraft:iron_ore":3,"minecraft:wheat":3,"minecraft:birch_leaves":1,"minecraft:andesite":1,"minecraft:black_bed":1,"minecraft:coal_ore":33,"minecraft:grass":8,"iceandfire:gold_pile":23,"minecraft:oak_log":19,"minecraft:vine":1,"minecraft:dirt":4,"minecraft:cobweb":5,"minecraft:stone":37,"minecraft:oak_leaves":12},"minecraft:dropped":{"minecraft:iron_ingot":3,"minecraft:bread":15,"minecraft:iron_sword":2,"minecraft:birch_planks":8,"minecraft:wheat_seeds":4,"minecraft:golden_helmet":2,"minecraft:crafting_table":2,"minecraft:cobblestone":2,"relics:infinity_ham":6,"minecraft:oak_planks":12,"minecraft:salmon":1,"minecraft:leather_helmet":2,"minecraft:cod":3,"minecraft:stick":12,"minecraft:pufferfish":1,"minecraft:dirt":44,"minecraft:ink_sac":4,"minecraft:wooden_axe":1,"minecraft:andesite":1,"minecraft:cooked_salmon":15,"minecraft:cooked_cod":3,"minecraft:leather_leggings":1,"minecraft:golden_sword":2,"minecraft:spider_eye":3,"minecraft:stone_pickaxe":1,"minecraft:wooden_pickaxe":2,"minecraft:paper":1},"minecraft:used":{"minecraft:wheat_seeds":3,"minecraft:chest":1,"minecraft:wooden_pickaxe":15,"minecraft:rotten_flesh":3,"minecraft:dirt":5,"minecraft:crafting_table":3,"minecraft:cod":2,"minecraft:iron_pickaxe":61,"minecraft:bread":1,"alexsmobs:cooked_lobster_tail":1,"minecraft:stone_axe":13,"minecraft:iron_helmet":1,"minecraft:golden_sword":20,"moonsweaponry:stone_greatsword":27,"minecraft:fishing_rod":16,"minecraft:cooked_cod":1,"alexsmobs:animal_dictionary":1,"minecraft:oak_boat":3},"minecraft:crafted":{"minecraft:oak_planks":104,"minecraft:crafting_table":3,"minecraft:wooden_pickaxe":1,"minecraft:oak_boat":3,"minecraft:stick":8,"moonsweaponry:stone_greatsword":1,"minecraft:iron_pickaxe":1,"minecraft:stone_pickaxe":2,"minecraft:chest":1}},"DataVersion":3465}