{"stats":{"minecraft:picked_up":{"minecraft:stripped_oak_log":1,"minecraft:crafting_table":6,"minecraft:salmon":3,"minecraft:leather":4,"minecraft:wooden_pickaxe":1,"minecraft:smoker":5,"minecraft:potato":1,"minecraft:oak_log":26,"iceandfire:ectoplasm":3,"minecraft:gunpowder":16,"alexsmobs:gazelle_horn":1,"minecraft:dirt":42,"minecraft:dark_oak_trapdoor":1,"minecraft:name_tag":3,"minecraft:cooked_mutton":2,"minecraft:item_frame":4,"minecraft:gray_carpet":1,"minecraft:apple":14,"minecraft:stone_bricks":12,"minecraft:kelp":217,"minecraft:wheat_seeds":3,"minecraft:beef":9,"minecraft:calcite":1,"minecraft:coal_block":3,"minecraft:oak_planks":18,"minecraft:iron_boots":3,"minecraft:egg":2,"minecraft:stick":4,"minecraft:stripped_mangrove_wood":4,"minecraft:porkchop":15,"minecraft:dried_kelp":10,"minecraft:white_bed":14,"alexsmobs:animal_dictionary":1,"minecraft:dark_oak_planks":2,"iceandfire:silver_ingot":3,"minecraft:dried_kelp_block":1,"minecraft:rotten_flesh":4,"minecraft:cooked_cod":1,"iceandfire:silver_sword":3,"minecraft:stripped_dark_oak_wood":4,"minecraft:emerald":18,"minecraft:obsidian":9,"minecraft:mutton":2,"minecraft:cod":5,"minecraft:coal":94,"minecraft:white_wool":12,"minecraft:cobblestone":158},"minecraft:mined":{"minecraft:dark_oak_planks":2,"minecraft:white_bed":9,"minecraft:kelp_plant":34,"minecraft:smoker":2,"alexsmobs:leafcutter_anthill":1,"minecraft:crafting_table":4,"minecraft:grass_block":8,"minecraft:calcite":1,"minecraft:coal_block":1,"minecraft:oak_planks":12,"minecraft:kelp":4,"minecraft:seagrass":1,"minecraft:tall_seagrass":4,"minecraft:dark_oak_trapdoor":1,"minecraft:birch_leaves":1,"minecraft:stripped_dark_oak_wood":4,"minecraft:grass":7,"minecraft:oak_log":26,"minecraft:coal_ore":28,"minecraft:vine":1,"minecraft:dirt":10,"minecraft:gray_carpet":1,"minecraft:stripped_oak_log":1,"minecraft:stripped_mangrove_wood":1,"minecraft:stone":73,"minecraft:stone_bricks":3,"minecraft:white_wool":9,"minecraft:oak_leaves":11},"minecraft:killed_by":{"minecraft:player":1,"iceandfire:myrmex_soldier":1,"iceandfire:fire_dragon":2},"minecraft:used":{"minecraft:cooked_mutton":1,"minecraft:stone_sword":108,"iceandfire:silver_sword":30,"minecraft:stone_pickaxe":93,"minecraft:oak_planks":51,"minecraft:wooden_pickaxe":19,"minecraft:cooked_salmon":2,"minecraft:rotten_flesh":1,"minecraft:salmon":2,"minecraft:dirt":20,"minecraft:crafting_table":4,"minecraft:white_bed":9,"minecraft:smoker":2,"minecraft:apple":12,"minecraft:golden_sword":8,"minecraft:stone_axe":56,"minecraft:cobblestone":15,"minecraft:beef":2,"minecraft:furnace":1,"minecraft:cooked_cod":8,"minecraft:kelp":1,"minecraft:egg":2,"minecraft:cooked_beef":4,"minecraft:potato":2,"minecraft:calcite":1},"minecraft:dropped":{"minecraft:stone_axe":1,"minecraft:kelp":1,"minecraft:wheat_seeds":1,"minecraft:cooked_beef":3,"minecraft:stone_sword":2,"minecraft:cobblestone":10,"minecraft:leather":4,"minecraft:cooked_mutton":1,"minecraft:pufferfish":1,"minecraft:stick":2,"minecraft:dark_oak_trapdoor":1,"minecraft:wooden_pickaxe":1,"minecraft:gray_carpet":1},"minecraft:killed":{"minecraft:pig":4,"minecraft:salmon":5,"minecraft:cod":7,"minecraft:sheep":1,"iceandfire:ghost":1,"alexsmobs:gazelle":1,"minecraft:cow":4},"minecraft:custom":{"minecraft:interact_with_furnace":4,"minecraft:mob_kills":26,"minecraft:interact_with_crafting_table":15,"minecraft:open_barrel":2,"minecraft:leave_game":6,"minecraft:time_since_death":3394,"minecraft:sleep_in_bed":7,"minecraft:climb_one_cm":1946,"minecraft:time_since_rest":3444,"minecraft:sprint_one_cm":234577,"minecraft:damage_taken":2208,"minecraft:walk_one_cm":582596,"minecraft:trigger_trapped_chest":1,"minecraft:drop":20,"minecraft:damage_dealt":3338,"minecraft:damage_dealt_absorbed":9,"minecraft:swim_one_cm":224340,"minecraft:player_kills":2,"minecraft:fly_one_cm":524522,"minecraft:open_chest":11,"minecraft:play_time":99349,"minecraft:crouch_one_cm":37480,"minecraft:sneak_time":5329,"minecraft:deaths":4,"minecraft:walk_under_water_one_cm":25092,"minecraft:jump":1783,"minecraft:interact_with_blast_furnace":1,"minecraft:walk_on_water_one_cm":85122,"minecraft:total_world_time":99349,"minecraft:interact_with_smoker":16,"minecraft:fall_one_cm":43822},"minecraft:crafted":{"minecraft:cooked_beef":7,"minecraft:cooked_cod":7,"minecraft:oak_planks":108,"minecraft:crafting_table":1,"minecraft:dried_kelp":23,"minecraft:wooden_pickaxe":1,"minecraft:furnace":1,"minecraft:cooked_salmon":2,"minecraft:stone_axe":2,"minecraft:air":0,"minecraft:stick":12,"minecraft:stone_pickaxe":1,"minecraft:stone_sword":2,"minecraft:white_bed":3,"minecraft:dried_kelp_block":2,"minecraft:dark_oak_planks":16,"iceandfire:silver_sword":1}},"DataVersion":3465}