{"stats":{"minecraft:custom":{"minecraft:mob_kills":43,"minecraft:interact_with_crafting_table":45,"minecraft:open_barrel":5,"minecraft:leave_game":5,"minecraft:time_since_death":16454,"minecraft:climb_one_cm":505,"minecraft:sprint_one_cm":324639,"minecraft:walk_one_cm":1031102,"minecraft:drop":74,"minecraft:damage_dealt_absorbed":138,"minecraft:play_time":164116,"minecraft:deaths":5,"minecraft:sneak_time":1384,"minecraft:walk_under_water_one_cm":35618,"minecraft:boat_one_cm":535166,"minecraft:jump":2153,"minecraft:walk_on_water_one_cm":69417,"minecraft:total_world_time":164116,"minecraft:interact_with_furnace":29,"minecraft:sleep_in_bed":5,"minecraft:time_since_rest":16483,"minecraft:waystone_activated":1,"minecraft:damage_taken":2147483647,"minecraft:damage_dealt":7758,"minecraft:swim_one_cm":61277,"minecraft:fly_one_cm":707304,"minecraft:open_chest":13,"minecraft:crouch_one_cm":10179,"minecraft:interact_with_smoker":51,"minecraft:fish_caught":10,"minecraft:fall_one_cm":46508},"minecraft:killed":{"alexsmobs:lobster":8,"minecraft:cave_spider":1,"minecraft:spider":6,"minecraft:skeleton":2,"alexsmobs:orca":1,"minecraft:creeper":1,"minecraft:sheep":3,"alexsmobs:catfish":1,"minecraft:zombie":18},"minecraft:killed_by":{"minecraft:player":1,"iceandfire:gorgon":2,"minecraft:cave_spider":1,"minecraft:zombie":1},"minecraft:picked_up":{"minecraft:wooden_axe":1,"minecraft:fishing_rod":7,"minecraft:crafting_table":8,"minecraft:leather_leggings":1,"minecraft:brown_mushroom":1,"minecraft:enchanted_book":8,"minecraft:chain":4,"minecraft:golden_sword":2,"minecraft:cornflower":1,"iceandfire:manuscript":8,"minecraft:string":42,"minecraft:raw_copper":40,"minecraft:cooked_salmon":64,"minecraft:iron_leggings":2,"minecraft:compass":1,"minecraft:pufferfish":7,"minecraft:cracked_stone_bricks":1,"minecraft:gold_nugget":384,"minecraft:bucket":1,"minecraft:iron_pickaxe":4,"minecraft:furnace":5,"minecraft:golden_helmet":1,"moonsweaponry:stone_scythe":4,"minecraft:stick":14,"minecraft:raw_iron":24,"minecraft:copper_ingot":1,"minecraft:torch":13,"moonsweaponry:stone_greatsword":1,"minecraft:arrow":6,"minecraft:rotten_flesh":29,"minecraft:cooked_cod":35,"minecraft:saddle":4,"minecraft:mutton":5,"alexsmobs:lobster_tail":5,"minecraft:cod":27,"minecraft:white_wool":28,"minecraft:cobblestone":85,"minecraft:oxeye_daisy":1,"minecraft:nautilus_shell":4,"minecraft:andesite":1,"minecraft:water_bucket":3,"minecraft:salmon":6,"minecraft:black_bed":5,"minecraft:smoker":5,"minecraft:birch_planks":4,"minecraft:oak_log":19,"minecraft:map":8,"minecraft:blue_bed":3,"minecraft:dirt":73,"minecraft:paper":2,"minecraft:bone":5,"minecraft:apple":1,"minecraft:bow":4,"minecraft:wheat_seeds":25,"minecraft:iron_ingot":30,"relics:infinity_ham":4,"minecraft:oak_planks":73,"minecraft:iron_sword":3,"minecraft:book":4,"iceandfire:ash":1,"minecraft:sand":1,"minecraft:ink_sac":34,"minecraft:spruce_log":8,"minecraft:spider_eye":7,"alexsmobs:animal_dictionary":4,"minecraft:leather_helmet":4,"alexsmobs:raw_catfish":3,"minecraft:bread":25,"minecraft:coal":247,"iceandfire:raw_silver":1},"minecraft:mined":{"iceandfire:silver_ore":1,"minecraft:cobblestone_stairs":1,"minecraft:grass_block":5,"minecraft:spruce_leaves":1,"minecraft:oxeye_daisy":1,"minecraft:spawner":1,"minecraft:furnace":3,"minecraft:iron_ore":15,"iceandfire:gold_pile":9,"minecraft:stone":60,"minecraft:brown_mushroom":1,"minecraft:smoker":6,"minecraft:cornflower":1,"minecraft:crafting_table":6,"minecraft:copper_ore":10,"minecraft:tall_grass":3,"minecraft:cobblestone":1,"minecraft:blue_bed":1,"minecraft:black_bed":2,"minecraft:grass":21,"minecraft:coal_ore":51,"minecraft:oak_log":19,"minecraft:sand":1,"minecraft:dirt":9,"minecraft:cracked_stone_bricks":1,"minecraft:oak_leaves":5},"minecraft:used":{"minecraft:tropical_fish":1,"minecraft:chest":1,"minecraft:cooked_salmon":13,"minecraft:torch":24,"minecraft:dirt":29,"minecraft:iron_axe":1,"alexsmobs:cooked_lobster_tail":4,"minecraft:furnace":4,"minecraft:cooked_cod":1,"moonsweaponry:stone_scythe":55,"minecraft:iron_leggings":1,"minecraft:cooked_mutton":4,"minecraft:water_bucket":6,"alexsmobs:cooked_catfish":3,"moonsweaponry:stone_warglaive":131,"minecraft:stone_pickaxe":78,"minecraft:wooden_pickaxe":17,"minecraft:brown_mushroom":1,"minecraft:blue_bed":2,"minecraft:cracked_stone_bricks":1,"minecraft:salmon":3,"minecraft:sand":1,"minecraft:crafting_table":10,"minecraft:cod":1,"minecraft:black_bed":2,"minecraft:smoker":6,"minecraft:apple":3,"minecraft:oxeye_daisy":1,"minecraft:bread":2,"minecraft:iron_pickaxe":59,"minecraft:leather_helmet":1,"iceandfire:ash":1,"minecraft:stone_axe":20,"minecraft:fishing_rod":18,"minecraft:cobblestone":9,"minecraft:bucket":6,"minecraft:oak_boat":3,"alexsmobs:animal_dictionary":1},"minecraft:dropped":{"minecraft:iron_ingot":3,"minecraft:iron_sword":2,"iceandfire:raw_silver":1,"minecraft:wheat_seeds":25,"minecraft:golden_helmet":1,"relics:infinity_ham":4,"minecraft:leather_helmet":1,"minecraft:pufferfish":2,"minecraft:stick":3,"minecraft:dirt":44,"minecraft:ink_sac":2,"minecraft:mutton":1,"alexsmobs:cooked_lobster_tail":1,"minecraft:wooden_axe":1,"minecraft:iron_pickaxe":1,"minecraft:paper":2,"minecraft:fishing_rod":2,"minecraft:bone":1,"minecraft:rotten_flesh":19,"minecraft:oak_planks":23,"minecraft:andesite":1,"minecraft:golden_sword":1,"minecraft:leather_leggings":1,"minecraft:spider_eye":4,"minecraft:arrow":2,"minecraft:bow":1,"moonsweaponry:stone_greatsword":1},"minecraft:broken":{"moonsweaponry:stone_warglaive":1},"minecraft:crafted":{"minecraft:oak_planks":60,"minecraft:fishing_rod":1,"minecraft:furnace":5,"minecraft:cooked_mutton":4,"minecraft:iron_axe":1,"minecraft:stone_pickaxe":1,"moonsweaponry:stone_warglaive":1,"minecraft:chest":1,"alexsmobs:cooked_catfish":3,"minecraft:smoker":2,"minecraft:cooked_cod":18,"alexsmobs:cooked_lobster_tail":5,"minecraft:crafting_table":5,"minecraft:wooden_pickaxe":1,"minecraft:blue_bed":1,"minecraft:cooked_salmon":18,"minecraft:copper_ingot":15,"minecraft:stone_axe":1,"minecraft:air":0,"minecraft:blue_dye":1,"minecraft:oak_boat":3,"moonsweaponry:stone_scythe":1,"minecraft:stick":24,"minecraft:iron_ingot":15,"minecraft:iron_pickaxe":2,"minecraft:white_bed":1,"minecraft:torch":24}},"DataVersion":3465}