{"stats":{"minecraft:picked_up":{"minecraft:cocoa_beans":40,"minecraft:mud":1,"minecraft:crafting_table":2,"minecraft:coarse_dirt":3,"minecraft:wheat":3,"minecraft:string":8,"minecraft:raw_copper":66,"minecraft:pufferfish":1,"minecraft:cobbled_deepslate":1,"minecraft:coal_block":2,"minecraft:spruce_trapdoor":1,"minecraft:furnace":4,"alexsmobs:leafcutter_ant_chamber":1,"minecraft:golden_helmet":2,"minecraft:stick":5,"minecraft:raw_iron":13,"minecraft:stripped_mangrove_wood":3,"minecraft:torch":8,"minecraft:dried_kelp":4,"minecraft:light_gray_bed":1,"minecraft:arrow":25,"minecraft:rotten_flesh":15,"minecraft:hay_block":11,"minecraft:cod":7,"minecraft:cobblestone":63,"minecraft:birch_log":1,"epicfight:stone_spear":1,"minecraft:jungle_log":6,"minecraft:salmon":11,"minecraft:andesite":1,"minecraft:golden_leggings":2,"minecraft:leather":4,"minecraft:oak_log":26,"iceandfire:ectoplasm":1,"minecraft:gunpowder":3,"minecraft:dirt":1,"minecraft:bone":21,"minecraft:kelp":50,"minecraft:bow":1,"minecraft:wheat_seeds":9,"minecraft:iron_ingot":5,"minecraft:oak_planks":33,"minecraft:iron_sword":2,"iceandfire:crackled_cobblestone":2,"minecraft:red_wool":1,"alexsmobs:animal_dictionary":3,"minecraft:stone_axe":1,"iceandfire:crackled_stone":1,"minecraft:crossbow":6,"minecraft:gray_wool":3,"minecraft:bread":4,"minecraft:oak_sapling":3,"minecraft:coal":62,"iceandfire:raw_silver":3},"minecraft:mined":{"minecraft:oak_sapling":1,"iceandfire:silver_ore":3,"minecraft:spruce_trapdoor":1,"minecraft:jungle_log":6,"minecraft:light_gray_bed":1,"minecraft:coal_block":2,"minecraft:kelp":3,"minecraft:spawner":2,"iceandfire:crackled_cobblestone":2,"minecraft:hay_block":12,"minecraft:furnace":4,"minecraft:iron_ore":11,"minecraft:andesite":1,"minecraft:deepslate_iron_ore":2,"minecraft:stone":42,"minecraft:stripped_mangrove_wood":3,"minecraft:red_wool":1,"minecraft:kelp_plant":10,"minecraft:crafting_table":2,"minecraft:torch":3,"minecraft:copper_ore":17,"minecraft:cobblestone":7,"minecraft:wall_torch":5,"minecraft:gray_wool":3,"minecraft:coarse_dirt":3,"iceandfire:crackled_stone":1,"minecraft:birch_log":2,"minecraft:wheat":3,"minecraft:birch_leaves":1,"minecraft:grass":4,"minecraft:oak_log":25,"minecraft:coal_ore":24,"minecraft:dirt":1,"minecraft:oak_leaves":10,"minecraft:deepslate":1,"minecraft:fern":3},"minecraft:killed_by":{"minecraft:player":2,"minecraft:iron_golem":1},"minecraft:used":{"minecraft:stone_sword":28,"minecraft:iron_sword":5,"minecraft:cooked_salmon":10,"minecraft:torch":14,"minecraft:dirt":1,"minecraft:red_wool":1,"minecraft:bow":28,"minecraft:furnace":2,"minecraft:oak_sapling":3,"minecraft:cobbled_deepslate":1,"minecraft:light_gray_bed":1,"minecraft:wheat_seeds":9,"minecraft:water_bucket":8,"epicfight:iron_spear":134,"minecraft:stone_pickaxe":6,"iceandfire:crackled_stone":1,"minecraft:stripped_mangrove_wood":3,"minecraft:crafting_table":6,"minecraft:smoker":2,"epicfight:stone_spear":36,"minecraft:mud":1,"minecraft:bread":27,"minecraft:iron_pickaxe":113,"minecraft:spruce_trapdoor":1,"minecraft:golden_helmet":1,"minecraft:pufferfish":1,"minecraft:stone_axe":46,"iceandfire:crackled_cobblestone":2,"minecraft:cobblestone":11,"minecraft:birch_log":1,"minecraft:bucket":9,"minecraft:andesite":1,"alexsmobs:leafcutter_ant_chamber":1,"minecraft:coarse_dirt":3,"minecraft:gray_wool":3,"minecraft:bone_meal":3},"minecraft:dropped":{"minecraft:crossbow":4,"minecraft:apple":9,"iceandfire:ectoplasm":1,"epicfight:stone_spear":1,"minecraft:cooked_cod":2,"minecraft:dried_kelp":4,"minecraft:raw_copper":2,"minecraft:cocoa_beans":20,"minecraft:rotten_flesh":12},"minecraft:killed":{"minecraft:spider":2,"minecraft:cod":5,"minecraft:skeleton":19,"minecraft:silverfish":2,"minecraft:salmon":9,"minecraft:creeper":3,"minecraft:zombie":13,"iceandfire:ghost":1},"minecraft:custom":{"minecraft:mob_kills":55,"minecraft:interact_with_crafting_table":27,"minecraft:open_barrel":16,"minecraft:leave_game":6,"minecraft:time_since_death":61992,"minecraft:climb_one_cm":5900,"minecraft:sprint_one_cm":261788,"minecraft:walk_one_cm":1096626,"minecraft:drop":19,"minecraft:play_noteblock":21,"minecraft:talked_to_villager":5,"minecraft:play_time":96930,"minecraft:deaths":3,"minecraft:sneak_time":619,"minecraft:walk_under_water_one_cm":35966,"minecraft:boat_one_cm":46044,"minecraft:jump":1529,"minecraft:interact_with_blast_furnace":3,"minecraft:walk_on_water_one_cm":56832,"minecraft:total_world_time":96930,"minecraft:interact_with_furnace":8,"minecraft:tune_noteblock":1,"minecraft:sleep_in_bed":4,"minecraft:time_since_rest":43994,"minecraft:waystone_activated":1,"minecraft:damage_taken":2495,"minecraft:trigger_trapped_chest":2,"minecraft:damage_dealt":8348,"minecraft:swim_one_cm":95159,"minecraft:fly_one_cm":404447,"minecraft:player_kills":1,"minecraft:open_chest":17,"minecraft:crouch_one_cm":1819,"minecraft:interact_with_smoker":37,"minecraft:fall_one_cm":33913},"minecraft:crafted":{"minecraft:oak_planks":12,"minecraft:coal":18,"epicfight:iron_spear":1,"minecraft:furnace":1,"minecraft:bone_meal":3,"minecraft:stone_pickaxe":1,"minecraft:chest":1,"minecraft:dried_kelp_block":6,"minecraft:smoker":2,"minecraft:wheat":99,"epicfight:stone_spear":1,"minecraft:cooked_cod":2,"minecraft:crafting_table":4,"minecraft:dried_kelp":58,"minecraft:cooked_salmon":10,"minecraft:bucket":1,"minecraft:stone_axe":1,"minecraft:bread":34,"minecraft:air":0,"minecraft:stick":12,"minecraft:iron_ingot":6,"minecraft:iron_pickaxe":1,"minecraft:stone_sword":1,"minecraft:torch":12}},"DataVersion":3465}