{"stats":{"minecraft:custom":{"minecraft:time_since_rest":19930,"minecraft:sprint_one_cm":70501,"minecraft:damage_taken":448,"minecraft:walk_one_cm":289194,"minecraft:mob_kills":3,"minecraft:drop":11,"minecraft:damage_dealt":126,"minecraft:interact_with_crafting_table":4,"minecraft:fly_one_cm":36747,"minecraft:play_time":37714,"minecraft:deaths":1,"minecraft:walk_under_water_one_cm":20458,"minecraft:jump":466,"minecraft:leave_game":1,"minecraft:walk_on_water_one_cm":40635,"minecraft:time_since_death":19856,"minecraft:total_world_time":37714,"minecraft:fall_one_cm":4512},"minecraft:killed":{"minecraft:zombie":1,"minecraft:salmon":1,"minecraft:cod":1},"minecraft:killed_by":{"minecraft:zombie":1},"minecraft:picked_up":{"minecraft:birch_log":6,"minecraft:golden_helmet":1,"minecraft:raw_iron":6,"moonsweaponry:stone_scythe":1,"minecraft:stick":14,"minecraft:crafting_table":3,"minecraft:salmon":1,"minecraft:black_bed":1,"minecraft:wooden_pickaxe":2,"minecraft:ink_sac":2,"alexsmobs:animal_dictionary":1,"minecraft:dirt":22,"iceandfire:silver_ingot":2,"minecraft:rotten_flesh":2,"minecraft:golden_hoe":1,"minecraft:gold_nugget":172,"minecraft:iron_helmet":1,"minecraft:stone_pickaxe":1,"minecraft:golden_apple":2,"relics:infinity_ham":2,"minecraft:iron_pickaxe":1,"minecraft:cod":1,"minecraft:oak_planks":12,"minecraft:coal":1,"minecraft:cobblestone":7},"minecraft:mined":{"minecraft:birch_log":6,"minecraft:crafting_table":3,"minecraft:grass_block":5,"minecraft:coal_ore":1,"minecraft:dirt":17,"minecraft:stone":7},"minecraft:dropped":{"minecraft:raw_iron":6,"relics:infinity_ham":2,"moonsweaponry:stone_scythe":1,"minecraft:wooden_pickaxe":1,"minecraft:golden_apple":1},"minecraft:used":{"minecraft:wooden_axe":2,"minecraft:stone_pickaxe":7,"minecraft:wooden_pickaxe":31,"minecraft:stone_axe":1,"minecraft:crafting_table":3},"minecraft:crafted":{"minecraft:crafting_table":1,"minecraft:stick":20,"minecraft:wooden_pickaxe":1,"minecraft:stone_pickaxe":1,"minecraft:wooden_axe":1,"minecraft:birch_planks":24,"minecraft:stone_axe":1}},"DataVersion":3465}